{
    "loss": 25.76163673400879,
    "accuracy": 0.4313725531101227
}